01	f891cf04-1cb0-4726-9c91-c6e9e1db2226
02	5e2808ef-1400-441f-9494-d789663fb06d
03	439a376b-13ec-43ae-beae-fce5f3364457
05	f7f22197-c4a1-471d-b16c-64b044775feb
08	09dd809f-b1f5-47d0-9cdf-148481b1f80d
10	50b5b712-f09b-4f01-b77f-7cf13561d883
04	e2d624c6-405c-48dc-84f5-fe1cd1328d42
06	f9b81263-3ec3-453e-8d0d-8bb542eb0d0f
07	2f728439-c740-4043-9da4-3cedc0b7dfa9
09	adf164a5-82fe-4265-8ff0-acb8399eb954
11	c6736c75-28d6-42d4-ac96-7a3a554dce8d
12	83d3c829-475c-4a98-88cb-ca1aa4c94e83
13	cb717517-ca21-423e-ab9c-cf3ea3a4d11a
14	8d2a27cf-8b1b-492a-85e6-68f81069b359
15	c80d8027-92c8-4692-9c78-578eaaaecf2b
16	3efe8507-3f41-49ad-9b52-536bbfab2cf7
18	1080cca5-097e-497d-bf9d-fb3c70b30e11
07	cf0a7e2b-8ef7-464b-ac4d-9e453e64c1b0
17	ef04c313-891c-4878-a407-effe80d655db
19	4b4b81b2-485b-4f88-a10b-2149fee19ee7
20	7a7ef564-e60f-4283-93e3-db4444d97aea
21	cb056d41-2016-48ea-a6c0-060db63b1f40
22	28d827fb-bacf-493f-ba0f-b85406435239
23	dc42e1f1-2312-4561-b244-a6c2f568643c
24	7e9bef86-1993-4c8a-9a62-3d11c2b61f02
25	95ef82ba-ebe6-4895-9410-6c4314ecba68
26	a2599190-929a-4f3f-a1bb-c1d05da95ac6
27	8b30e9c9-48a9-4efa-b544-61568339ca0f
28	08a13d30-9194-4355-ba86-f58c69da68b4
29	3fae4021-249f-4a47-8489-79fd503ba716
30	1cf356f4-d6b2-423e-960a-2c9d3a90784b
31	3017f2a1-a8e7-46a6-aa91-578a0de6c38e
32	0127078b-0aa4-482a-a6cf-7abb0e4189bc
33	639d0cc0-bf00-408f-9267-1a30b50918ce
34	295d62c0-0d07-4736-9030-6ae0bea4ffda
35	90890359-cf52-4250-adbe-77a1fa8dc97e
36	9ce52d51-da6a-4193-9bc4-98b8c03baf66
37	34e38492-35e3-4a7d-b842-91d255b57006
38	6030a7db-f23c-4f4d-873d-48c585ea154c
39	f3c1a9aa-63e9-4676-a7a0-8655970ecae7
40	cc873904-15ab-4818-968e-ca1831259ecc
41	22bd43d6-37db-4445-aaa3-68c42eebf755
42	b11fdb07-5336-4da1-8589-0ecfebf952c9
43	34ff40ac-2d71-43bd-892d-517d49498138
44	ad1cfee2-e102-4b99-b6c1-6c4a0d878e01
45	8c83ae1c-de81-4c54-a2b6-6c88caedcd11
46	cdc3ee5f-48b1-4f30-be14-d48d1f52d20c
47	7994120d-32ed-41c3-b40b-34395326d64a
48	adf54c7b-e5d8-4f84-828f-1ff136828838
49	958b8365-e717-4bde-8921-03eb73615913
50	ce23bee8-081e-4741-9ab2-f39f9c7914d8
51	6144cb47-e426-4b27-a28f-fc41909d095a
52	67d0fa84-9a60-45d9-b756-18ac8a5eca2a
53	9b390a5c-0d7c-4f19-a284-0f56e3e4a5c9
54	bcead029-ec79-44d1-a8fc-d5e8ec421a56
55	54a1f7c9-88a4-4e0d-92e2-d191c10dd825
56	e56d36db-b65b-4393-9d42-5c6fd1a9320f
57	02423e8d-1851-44c7-b31c-02bb42d3b094
58	28d56fad-acb6-401a-b9af-4593022cdf09
59	1f291d91-a8df-4740-af28-30a50ffa51a9
60	9cf4ca9a-a136-40c5-92c2-fa99188fa34e
61	768bbf9f-2b1e-4df0-b896-1be3afc3ac8e
62	8e6790ef-7b8d-40ca-8fa1-ff8a35a63caf
63	d65ed143-79a2-4dad-99ed-2698314bd811
64	fabe20d1-ee90-4ad8-b244-94ec95fb4fa5
65	14866a47-53f8-433d-8761-80b4551ab827
66	f9b451fe-411b-4f6d-a61f-623fa75107f6
67	7860e523-59f7-47cd-bd14-ba706ae2f570
68	9ad73f7e-f7c0-4f4b-b64d-68c3d897182c
