img,start_s,dur_s,beat
1,0.0,5.2,COLD-OPEN
2,5.2,5.2,COLD-OPEN
3,10.4,5.2,COLD-OPEN
4,15.6,5.2,COLD-OPEN
5,20.8,5.2,COLD-OPEN
6,26.0,5.2,COLD-OPEN
7,31.2,5.2,COLD-OPEN
8,36.4,5.2,COLD-OPEN
9,41.6,5.2,COLD-OPEN
10,46.8,5.2,COLD-OPEN
11,52.0,6.69,BEAT1 barometric
12,58.7,6.69,BEAT1 barometric
13,65.4,6.69,BEAT1 barometric
14,72.1,6.69,BEAT1 barometric
15,78.8,6.69,BEAT1 barometric
16,85.4,6.69,BEAT1 barometric
17,92.1,6.69,BEAT1 barometric
18,98.8,6.69,BEAT1 barometric
19,105.5,5.1,BEAT2 chickadee
20,110.6,5.1,BEAT2 chickadee
21,115.7,5.1,BEAT2 chickadee
22,120.8,5.1,BEAT2 chickadee
23,125.9,5.1,BEAT2 chickadee
24,131.0,5.1,BEAT2 chickadee
25,136.1,5.1,BEAT2 chickadee
26,141.2,5.1,BEAT2 chickadee
27,146.3,5.1,BEAT2 chickadee
28,151.4,5.1,BEAT2 chickadee
29,156.5,5.94,BEAT3 cardinal
30,162.4,5.94,BEAT3 cardinal
31,168.4,5.94,BEAT3 cardinal
32,174.3,5.94,BEAT3 cardinal
33,180.3,5.94,BEAT3 cardinal
34,186.2,5.94,BEAT3 cardinal
35,192.2,5.94,BEAT3 cardinal
36,198.1,5.94,BEAT3 cardinal
37,204.1,5.94,BEAT3 cardinal
38,210.0,4.91,BEAT4 crow
39,214.9,4.91,BEAT4 crow
40,219.8,4.91,BEAT4 crow
41,224.7,4.91,BEAT4 crow
42,229.7,4.91,BEAT4 crow
43,234.6,4.91,BEAT4 crow
44,239.5,4.91,BEAT4 crow
45,244.4,4.91,BEAT4 crow
46,249.3,5.41,BEAT5 owl
47,254.7,5.41,BEAT5 owl
48,260.1,5.41,BEAT5 owl
49,265.5,5.41,BEAT5 owl
50,270.9,5.41,BEAT5 owl
51,276.4,5.41,BEAT5 owl
52,281.8,5.41,BEAT5 owl
53,287.2,5.41,BEAT5 owl
54,292.6,5.41,BEAT5 owl
55,298.0,4.97,CLOSE
56,303.0,4.97,CLOSE
57,307.9,4.97,CLOSE
58,312.9,4.97,CLOSE
59,317.9,4.97,CLOSE
60,322.8,4.97,CLOSE
61,327.8,4.97,CLOSE
62,332.8,4.97,CLOSE
63,337.7,4.97,CLOSE
64,342.7,4.97,CLOSE
65,347.7,4.97,CLOSE
66,352.6,4.97,CLOSE
67,357.6,4.97,CLOSE
68,362.6,4.97,CLOSE
