id	words	est_sec	text
A01	14	4.78	Start with the map. Because the map is where the whole thing falls apart.
A02	11	5.695	The 2015 survey was led by an anthropologist named William Jankowiak.
A03	20	6.713	It's the largest study of its kind, and romantic kissing showed up in less than half the cultures on record.
A04	23	7.889	And it was least common in the small foraging groups, the people living closest to how humans lived for most of our history.
A05	11	3.736	That is the opposite of what you'd expect from an instinct.
A06	7	2.821	Some cultures greet with the nose instead.
A07	17	6.426	The Inuit kunik isn't a kiss. You press your nose to someone's skin, and you breathe in.
A08	7	3.187	You're not tasting them. You're smelling them.
A09	11	4.885	Other cultures press their foreheads together. Some just sniff a cheek.
A10	17	5.904	All over the world, humans reach for each other's faces. But the mouth is not the default.
A11	6	2.717	It's just one option among many.
A12	13	6.139	So kissing looks cultural. A habit some places invented, and others simply skipped.
A13	5	2.847	A habit. Not an instinct.
A14	7	1.847	Except that isn't the whole picture either.
